images,label
974299211612213250.jpg,1
1028343340507516928.jpg,1
1100485142320214021.jpg,1
1094693415751745537.jpg,1
953732503340281856.jpg,1
1029410547257810944.jpg,1
1031144378520109056.jpg,0
974372897799262210.jpg,2
1030558433253240833.jpg,0
1008698601600700416.jpg,1
1065697433282326528.jpg,1
1026511998958428167.jpg,1
1029443566588682240.jpg,2
1031654862478553088.jpg,1
1029699722397839365.jpg,2
1029345726847959040.jpg,2
1031591710827180034.jpg,1
1182544337151901701.jpg,2
1178433837136781312.jpg,1
1029670947102617600.jpg,2
1029335257345130496.jpg,0
1029780876824137729.jpg,2
1029357420462714886.jpg,0
1029396600899166208.jpg,2
1029317846654967808.jpg,1
1156204208917557256.jpg,2
987584427344580608.jpg,0
1081557962772996096.jpg,0
1103064582720012289.jpg,1
953244413026885632.jpg,2
1029404826226941952.jpg,1
1103079660907384832.jpg,1
1030376408143392768.jpg,0
1029374128346816512.jpg,2
1002215339600510976.jpg,1
1029474174304051200.jpg,1
1038486794323537922.jpg,2
1029356416295948289.jpg,2
1030882475541712896.jpg,1
1167027760923123713.jpg,1
1037795841635954688.jpg,2
1029341146802266113.jpg,1
1044899832706592768.jpg,1
1026626377448124418.jpg,1
1029927022305337344.jpg,2
1030492227787620352.jpg,2
1029362422048538625.jpg,2
1126343573060898816.jpg,2
1030394292702007296.jpg,0
1029413716050227200.jpg,2
1156985481227190272.jpg,1
1029487923329212423.jpg,1
1032195727198445568.jpg,2
1029418775098011648.jpg,2
1029410067291021312.jpg,0
1026526322967891974.jpg,1
1187184017726214145.jpg,2
1103043621799059461.jpg,2
1005851481684267009.jpg,0
954282390930599937.jpg,0
1030187715763953665.jpg,2
1029951271606931457.jpg,2
1029916660134604802.jpg,0
1031145552937775104.jpg,0
953629229345722369.jpg,1
1029874920627396608.jpg,2
974356736881647617.jpg,0
1182529793709019136.jpg,1
1179334666253410312.jpg,1
1102060970757697537.jpg,0
955381372935397376.jpg,1
1159227797862322178.jpg,1
1030872386508345345.jpg,0
1103139559263690752.jpg,1
1209912189240393731.jpg,1
1112800522560524292.jpg,1
974603480194203648.jpg,0
1167029150940618752.jpg,1
1136734539747864576.jpg,1
1031494813672243200.jpg,2
1029921876611452928.jpg,0
1146359231026798593.jpg,1
1029375927430656000.jpg,0
1029343700734889984.jpg,2
1125115297722183680.jpg,2
1155085978815684609.jpg,1
980740011074228224.jpg,1
1098704870733950976.jpg,1
1103401374509920265.jpg,2
1128995931444174854.jpg,1
1184919775249666048.jpg,1
1029389979129065472.jpg,2
1029363567764692994.jpg,2
1029604013606690816.jpg,0
1029340256615714816.jpg,1
1030455765012701184.jpg,0
1026835367364841473.jpg,0
1022941758366396418.jpg,0
1029407998232420352.jpg,2
1103045008725364736.jpg,2
1034063763702308864.jpg,2
991448685509672960.jpg,2
1183049939552747521.jpg,0
1029875438753968128.jpg,2
1030089664336723968.jpg,0
1029696126868508672.jpg,2
1030429554823884801.jpg,0
1028038204992045056.jpg,1
974353839309570048.jpg,1
1149900324246675457.jpg,1
974689684470321152.jpg,0
1029346170810728449.jpg,2
1068581382664777728.jpg,1
980468579131842560.jpg,1
1029360662881812480.jpg,0
1182632200895729664.jpg,0
1103203912360882176.jpg,2
974390416635252737.jpg,1
1172211784113152001.jpg,0
997849119069700098.jpg,1
962640170662137856.jpg,1
1089179165830590464.jpg,1
1183293107942522880.jpg,2
1002533320469766144.jpg,0
1029344538580738048.jpg,0
989182907104350209.jpg,0
1030381923368140801.jpg,0
1030380482784051200.jpg,2
953712005944430594.jpg,0
1138030295830224897.jpg,1
975736441434181632.jpg,1
1030333461662392320.jpg,0
1029563817192112128.jpg,1
990648655072739328.jpg,1
1059827101019324423.jpg,1
1031102083523665921.jpg,0
1103044286264762368.jpg,2
1029997218730668032.jpg,0
1112891397412192257.jpg,2
1029427546096582657.jpg,2
977454218276634624.jpg,2
1029365156927614976.jpg,2
1194336228478455809.jpg,0
1030094224375472129.jpg,0
1188878133732270081.jpg,1
1104032996456198144.jpg,2
1201014321758851072.jpg,1
1029390031901917184.jpg,0
1029363113441878017.jpg,0
953929464198651905.jpg,1
1205156556003827712.jpg,1
1017399585084301312.jpg,1
1031888662349275136.jpg,2
1103281717282918400.jpg,2
1029377203967078401.jpg,1
1029393618631622656.jpg,0
1095370548245422080.jpg,0
1183619187354341376.jpg,1
1075733955955982342.jpg,1
1120653685606973441.jpg,1
1011665457710026752.jpg,2
1103266622133944320.jpg,2
1029668176559190017.jpg,2
1031425122790387712.jpg,2
1120413362788212736.jpg,1
999918247284637697.jpg,1
1029327299538243584.jpg,0
1029411087513526273.jpg,0
1029484334829527040.jpg,1
1104363846662320131.jpg,2
1103316359495254016.jpg,0
996617112763420672.jpg,0
982056701787607041.jpg,0
1104045788253032450.jpg,1
1031495037379649537.jpg,1
1171689025780027392.jpg,1
1030620356791463936.jpg,1
953349040573505536.jpg,0
1012206286690107392.jpg,0
1171820771141963779.jpg,0
980475598492577792.jpg,0
1030890841122852864.jpg,0
1174429131519483905.jpg,0
1030423802096713728.jpg,2
953688385822093315.jpg,1
1029924296338989056.jpg,2
1182487747761590272.jpg,1
1031578626603601922.jpg,0
1030064127606063105.jpg,2
1089518526090534912.jpg,1
1026472748409733120.jpg,1
1029477534071750656.jpg,1
1029378404846583808.jpg,2
1027181102291673089.jpg,1
1059398844520247296.jpg,1
1030528968598810624.jpg,2
1198707447709470721.jpg,1
974358753230426114.jpg,1
1026927641876750337.jpg,1
992539416689291264.jpg,1
1030540001547886592.jpg,2
1030366142324387840.jpg,0
1060398256897843202.jpg,1
1075809911295090688.jpg,1
1177658802444701697.jpg,1
1029826019329499137.jpg,1
1118636366466887681.jpg,1
1038171314253701121.jpg,1
1029356473007173632.jpg,0
1111179853103915008.jpg,1
1029638832625311744.jpg,2
1029332612341526528.jpg,1
1029334535895433216.jpg,1
1089279021970587649.jpg,0
1029344831246671872.jpg,2
1029683281040732160.jpg,2
1103053223965802496.jpg,0
1078724191384424450.jpg,1
1044709371404595200.jpg,1
1030072475885813761.jpg,2
974800516516519937.jpg,2
1103206915692249088.jpg,2
1031144734419369984.jpg,0
1029388686595682304.jpg,0
953431433158197253.jpg,1
1029353217090576384.jpg,2
1096171662117023744.jpg,1
974679166934306821.jpg,0
953624723493040128.jpg,0
1029359475646320640.jpg,1
1029333454226448385.jpg,2
1029458778675183627.jpg,0
974364600056598529.jpg,1
1029372405414801410.jpg,2
1029415297269346304.jpg,1
1165923678602891265.jpg,1
1204980625658273792.jpg,2
1026570227947982848.jpg,0
1013995594472349699.jpg,1
1030184963273048064.jpg,1
973011370924019712.jpg,1
1029391514810474496.jpg,0
1146446256706863105.jpg,1
1029377415133376512.jpg,2
1098726562676068352.jpg,1
1029951492378251264.jpg,2
959311168409096192.jpg,1
1021320255400960000.jpg,1
974360672946581504.jpg,0
1043367786691682305.jpg,1
1029858558408642560.jpg,2
1031810487128915969.jpg,0
1030369529782710272.jpg,2
1030011236719706112.jpg,0
1180272901859098630.jpg,1
1174771442321375232.jpg,1
981621176597278720.jpg,1
1029712351174508544.jpg,2
1087404566742745091.jpg,1
1157696122791583744.jpg,1
1029478177989648384.jpg,2
1182514423585366016.jpg,2
1029640301592236032.jpg,2
1029936540372226048.jpg,0
1029889820800307200.jpg,2
976717666139373569.jpg,0
981789542213607424.jpg,1
1103675428039020544.jpg,1
1029399708656185347.jpg,0
1030166471601602560.jpg,1
1029358736362618884.jpg,2
1153709591756251137.jpg,1
971296296362561536.jpg,1
1043807951121764353.jpg,1
1029457657692909569.jpg,2
1029354427612901376.jpg,2
996526042842984448.jpg,0
974372283656691713.jpg,0
1022491051104395264.jpg,2
996591834787823618.jpg,1
977637180620369925.jpg,1
1029661535633907712.jpg,2
1030019923257507841.jpg,1
1029357978426728449.jpg,1
1029678793278021633.jpg,1
1039438673685741568.jpg,2
1194307394257477632.jpg,0
981066443520335874.jpg,1
1182681785265786882.jpg,2
1005865858407780353.jpg,0
1029339576052211714.jpg,2
1030242244639383552.jpg,0
1119222914354749441.jpg,1
1179111492593041408.jpg,0
1029427434662318082.jpg,0
1029763397167054848.jpg,0
1029358878314643457.jpg,2
1029537371820359680.jpg,2
1140234858096144386.jpg,1
1009339857724850176.jpg,1
1029323658471370752.jpg,1
1182568335915048960.jpg,1
1026740805082533888.jpg,1
1139029065233395712.jpg,1
1029632845935857667.jpg,0
1029337880055898113.jpg,0
953609325955739649.jpg,1
1034040604030849024.jpg,2
1052206601367629824.jpg,1
1103207777692995584.jpg,2
1029662754309918720.jpg,2
1030859392529231872.jpg,0
1029323492498522112.jpg,1
1180528576002744320.jpg,1
1187421494902583303.jpg,0
1200328472410939394.jpg,1
1161741042883973125.jpg,2
966319283952238592.jpg,2
982363238506606592.jpg,1
983718026808733696.jpg,1
960995051269775362.jpg,1
1029657827495751680.jpg,2
1029318994409414656.jpg,1
1206760759184674816.jpg,1
1029875763200241664.jpg,2
1029399937858056196.jpg,0
1061183933075865600.jpg,1
974359752854646785.jpg,1
1013836646725406722.jpg,1
1029396630091571200.jpg,2
1081792781444513792.jpg,1
1075738118710530048.jpg,1
974382716027224065.jpg,0
1098596159810125825.jpg,1
974364859977650181.jpg,2
1077808234973429760.jpg,1
974661033586581505.jpg,1
1029358603902144512.jpg,2
1185087498868838400.jpg,0
1125074617922617345.jpg,1
1205508670689181696.jpg,1
1207369964157575168.jpg,0
1105508840521564161.jpg,1
1029369359242862592.jpg,1
1047325537822281730.jpg,2
983567163658309632.jpg,0
1103206425977909248.jpg,2
1127060357166653440.jpg,1
1182875672126967810.jpg,0
1013196745822654469.jpg,1
1029712868105695232.jpg,0
1067454722637029377.jpg,1
1030023713520005120.jpg,0
977486826528112640.jpg,0
1036543086397194240.jpg,2
1179116590446592003.jpg,1
974352589276971009.jpg,0
1012040133267226624.jpg,0
976618745224310784.jpg,0
1029347521133457414.jpg,1
1029356188138459137.jpg,1
1029359502808768518.jpg,2
978556535663153158.jpg,1
961003950764785666.jpg,1
1136940454753308672.jpg,1
1043368662625742848.jpg,1
1029344658651009027.jpg,2
1031045124006920192.jpg,0
1029328709805735936.jpg,2
1030101151021056000.jpg,0
1029723414418751489.jpg,1
1002946051047862274.jpg,1
1159836529251868672.jpg,1
1184203109318496259.jpg,2
1029411089304309760.jpg,0
1107729864398962688.jpg,1
983083283306049536.jpg,1
975850183660519424.jpg,1
1092481803502272512.jpg,1
1136728546016092160.jpg,1
1029452964115689475.jpg,2
1029537826986188802.jpg,2
982991077492879360.jpg,1
1026476095078629377.jpg,1
1021421537025568769.jpg,1
1182321195494060032.jpg,1
1148684229783556101.jpg,1
1184077791228301313.jpg,1
1029350705813905409.jpg,2
1029378182187757568.jpg,2
1134461336857874432.jpg,1
1030784319432925185.jpg,1
983997698016718848.jpg,1
1030095609225785348.jpg,1
1029348693919522816.jpg,0
1029957811172605953.jpg,0
1069365517683761152.jpg,0
1031670260468989953.jpg,1
974811328966811648.jpg,1
1111090672449183744.jpg,1
970390465999720448.jpg,1
1174746769286193154.jpg,1
1029388244763455491.jpg,2
1029338974542852097.jpg,0
1031979489054650368.jpg,1
1029505311306969089.jpg,2
1029742946940268545.jpg,1
970676574965071873.jpg,1
1048924413977145344.jpg,2
984514937451053058.jpg,1
1148569087418802176.jpg,1
1159448751708262400.jpg,1
1193380548057686016.jpg,1
1029360266260226049.jpg,2
1037763360362778626.jpg,2
1116400553532067840.jpg,1
1112835515475283968.jpg,0
1029686907893174274.jpg,1
1081869151713542144.jpg,1
1029926269511553024.jpg,0
1029702002622849026.jpg,0
1030077466197422082.jpg,2
1057623353786286081.jpg,1
1123574732622745601.jpg,1
991298266988994563.jpg,1
1187213432593899521.jpg,1
1029355347440492546.jpg,2
1029466703829319680.jpg,0
1029474903492362240.jpg,2
1029447451047092225.jpg,2
1153711932194590722.jpg,1
1027041793882431489.jpg,1
1071361954361561089.jpg,0
1027682564042051584.jpg,2
1065540465074724864.jpg,0
1031143907101298689.jpg,0
1029363974444335108.jpg,1
1029825100785352712.jpg,0
1183525321783549952.jpg,0
1034426747809419264.jpg,2
1070092986082422791.jpg,1
985515509285359616.jpg,1
1025338028678635520.jpg,1
1029395018430246912.jpg,1
982851217834430464.jpg,0
1206439281738293249.jpg,1
1156327892554518528.jpg,1
1100531847015030784.jpg,2
1031707718749323264.jpg,1
1029647438611709952.jpg,2
974633179733811201.jpg,0
1152275845832151041.jpg,0
1029407595734474752.jpg,2
1027848344268431360.jpg,1
1034036847842811904.jpg,2
1010868648691617792.jpg,1
1106280534001491969.jpg,1
1131087741142224896.jpg,1
950189801134698496.jpg,0
1029446934405120000.jpg,0
974401400976347136.jpg,1
1029458151496605696.jpg,2
1045332758560747521.jpg,1
1191124150150213635.jpg,1
1128556774943068160.jpg,1
1029437187018903554.jpg,1
1029357032460230656.jpg,2
953931795657043968.jpg,1
967800097387016192.jpg,1
1006638551730212864.jpg,0
1032185975601025024.jpg,0
1178618796350816256.jpg,2
1021423770127355904.jpg,1
993566502212300800.jpg,0
1029633001393676288.jpg,2
960022473185079300.jpg,1
1032902338611228673.jpg,2
1029394334414778372.jpg,0
1030028792918470658.jpg,1
953275435575627776.jpg,1
1139009513883877376.jpg,1
1182640037441101824.jpg,2
982581687849832448.jpg,1
1029339933654233089.jpg,1
953347824791572481.jpg,0
1029693826569564160.jpg,2
1030064410641936384.jpg,1
1029409964475990016.jpg,1
1058656799870648320.jpg,1
1042780842127450112.jpg,1
1029370524118474752.jpg,2
1028176286567550977.jpg,1
1030080881963266048.jpg,2
1152297425064906757.jpg,2
1198473382938980352.jpg,2
1048995557350551553.jpg,2
1166735410866925569.jpg,2
1029400016195080193.jpg,2
1029421190065135625.jpg,2
1006079811960352768.jpg,0
1029885352192823296.jpg,2
1029355227298836482.jpg,1
1030069344187940865.jpg,2
1157862948355731457.jpg,1
1205031559776083968.jpg,1
1120475134798761986.jpg,1
1029437517894844417.jpg,0
1029806927017070592.jpg,2
1030116979930222593.jpg,2
1182516060647354369.jpg,1
1029412262182825984.jpg,1
1029353794658820096.jpg,2
1137015055923462150.jpg,1
974815078578098176.jpg,0
1171824092468731906.jpg,0
1029413643098574849.jpg,2
1029365231041093633.jpg,1
1110435323635486720.jpg,0
1030123772098080768.jpg,0
1196136562528051200.jpg,1
1095008092889206789.jpg,0
993247928050503680.jpg,0
1139570139899289601.jpg,1
1029364074101055493.jpg,1
1029383668379217921.jpg,2
974526743242448903.jpg,1
1038790835913940992.jpg,1
1026466497395392512.jpg,1
1031484237227143173.jpg,1
1029879255415513088.jpg,2
1029357898600787971.jpg,0
1022502462450745344.jpg,2
1066667496458133504.jpg,0
1029801467929141248.jpg,2
1029385510014394369.jpg,2
1182633100410572800.jpg,0
1055873199026659328.jpg,1
1104450165904236544.jpg,1
1029656179482419200.jpg,2
1087451090566725634.jpg,1
1030514624536313856.jpg,1
1029349693740867584.jpg,0
975288024102785025.jpg,0
1031569893605474304.jpg,0
1029473396633956352.jpg,2
1030878379313004544.jpg,0
1029356079258521601.jpg,2
1152749270753271808.jpg,1
1176990700396863488.jpg,0
974372926853210112.jpg,0
1198635040684625920.jpg,0
1098171682752126976.jpg,2
1208205050595528704.jpg,1
962650750554968064.jpg,1
1029364146549211136.jpg,1
1030619537278951424.jpg,2
1150619097014472704.jpg,1
974371138888523776.jpg,1
1196779165057503234.jpg,0
1032567529669939200.jpg,0
1111199348690292737.jpg,1
1072078470618988544.jpg,2
1205728764258217985.jpg,1
974630413070053381.jpg,0
1134074255237361664.jpg,1
1150984166483406848.jpg,2
1030313801273552898.jpg,2
1034071328674856960.jpg,2
1029367259389722625.jpg,0
1014634034637533185.jpg,2
1208809431309410304.jpg,1
1182550834799771650.jpg,1
1162078797203681280.jpg,1
1029918676789547009.jpg,2
1076681021427453953.jpg,1
1029436161331224578.jpg,1
1005851033174671360.jpg,0
1159767689151356928.jpg,1
1029424193450913792.jpg,0
1192325562074910723.jpg,1
1029398344689364993.jpg,2
1029379066485530629.jpg,2
1002194913373642752.jpg,0
1037706587349999617.jpg,2
1039265734902210560.jpg,1
1099639808580902918.jpg,1
956678358192066560.jpg,0
993599697829818369.jpg,1
1041017267075657735.jpg,2
952950655274110977.jpg,1
1093858312930635781.jpg,1
1028155733878038528.jpg,2
